id,first_name,last_name,email,gender,ip_address
1,Rowney,Vanlint,rvanlint0@archive.org,Male,166.243.73.22
2,Granny,Zecchetti,gzecchetti1@toplist.cz,Bigender,76.2.20.212
3,Elena,Quilkin,equilkin2@artisteer.com,Female,206.153.61.10
4,Rob,Kilkenny,rkilkenny3@spiegel.de,Genderqueer,56.156.35.222
5,Alayne,Sleit,asleit4@si.edu,Female,105.12.142.0
6,Arleta,Radsdale,aradsdale5@psu.edu,Female,20.128.1.2
7,Maximilian,Oswick,moswick6@hc360.com,Male,241.240.199.79
8,Gil,Chinnick,gchinnick7@slashdot.org,Male,2.145.45.118
9,Galen,Goulter,ggoulter8@sakura.ne.jp,Male,37.93.133.252
10,Samara,Benka,sbenka9@nydailynews.com,Female,225.2.115.39
